{
  "num_queries_evaluated": 123,
  "recall_scores_percent": {
    "1": 57.72357723577236,
    "3": 69.91869918699187,
    "5": 72.35772357723577,
    "10": 73.17073170731707
  }
}