{
  "num_queries_evaluated": 17,
  "recall_scores_percent": {
    "1": 58.82352941176471,
    "3": 76.47058823529412,
    "5": 76.47058823529412,
    "10": 76.47058823529412
  }
}