{
  "num_queries_evaluated": 1034,
  "recall_scores": {
    "1": 66.92456479690522,
    "3": 78.72340425531915,
    "5": 83.36557059961315,
    "10": 89.07156673114119
  }
}