{
  "num_queries_evaluated": 1034,
  "recall_scores_percent": {
    "1": 65.18375241779498,
    "3": 77.56286266924565,
    "5": 79.59381044487428,
    "10": 80.46421663442939
  }
}