{
  "num_queries_evaluated": 3,
  "recall_scores": {
    "1": 66.66666666666666,
    "3": 66.66666666666666,
    "5": 66.66666666666666,
    "10": 66.66666666666666
  }
}