{
  "num_queries_evaluated": 1034,
  "recall_scores": {
    "1": 82.39845261121856,
    "3": 93.32688588007737,
    "5": 97.00193423597679,
    "10": 98.93617021276596
  }
}