{
  "num_queries_evaluated": 1034,
  "recall_scores": {
    "1": 60.44487427466151,
    "3": 79.3036750483559,
    "5": 85.29980657640233,
    "10": 92.16634429400386
  }
}