{
  "num_queries_evaluated": 1034,
  "recall_scores_percent": {
    "1": 63.92649903288201,
    "3": 76.20889748549324,
    "5": 78.23984526112186,
    "10": 79.11025145067698
  }
}