{
  "num_queries_evaluated": 120,
  "recall_scores": {
    "1": 75.83333333333333,
    "3": 90.83333333333333,
    "5": 95.0,
    "10": 96.66666666666667
  }
}