{
  "num_queries_evaluated": 1034,
  "recall_scores": {
    "1": 43.32688588007737,
    "3": 75.04835589941973,
    "5": 85.97678916827853,
    "10": 93.61702127659575
  }
}