{
  "num_queries_evaluated": 1034,
  "recall_scores_percent": {
    "1": 67.98839458413927,
    "3": 77.6595744680851,
    "5": 79.69052224371373,
    "10": 80.9477756286267
  }
}