{
  "num_queries_evaluated": 231,
  "recall_scores_percent": {
    "1": 69.26406926406926,
    "3": 78.78787878787878,
    "5": 80.51948051948052,
    "10": 82.25108225108225
  }
}