{
  "num_queries_evaluated": 1034,
  "recall_scores": {
    "1": 72.14700193423597,
    "3": 89.65183752417795,
    "5": 94.87427466150871,
    "10": 98.16247582205028
  }
}