{
  "num_queries_evaluated": 484,
  "recall_scores": {
    "1": 74.79338842975206,
    "3": 90.70247933884298,
    "5": 95.86776859504133,
    "10": 98.14049586776859
  }
}