{
  "num_queries_evaluated": 1034,
  "recall_scores_percent": {
    "1": 55.512572533849124,
    "3": 64.41005802707932,
    "5": 66.7311411992263,
    "10": 67.98839458413927
  }
}