{
  "num_queries_evaluated": 57,
  "recall_scores": {
    "1": 70.17543859649122,
    "3": 84.21052631578947,
    "5": 87.71929824561403,
    "10": 91.22807017543859
  }
}