{
  "num_queries_evaluated": 1034,
  "recall_scores": {
    "1": 2.7079303675048356,
    "3": 3.481624758220503,
    "5": 3.9651837524177944,
    "10": 5.029013539651837
  }
}