{
  "num_queries_evaluated": 318,
  "recall_scores": {
    "1": 72.95597484276729,
    "3": 90.25157232704403,
    "5": 93.71069182389937,
    "10": 97.16981132075472
  }
}