{
  "num_queries_evaluated": 344,
  "recall_scores": {
    "1": 76.16279069767442,
    "3": 90.69767441860465,
    "5": 95.93023255813954,
    "10": 98.25581395348837
  }
}