{
  "num_queries_evaluated": 1034,
  "recall_scores": {
    "1": 74.56479690522244,
    "3": 90.71566731141199,
    "5": 94.58413926499033,
    "10": 98.06576402321083
  }
}