{
  "num_queries_evaluated": 1034,
  "recall_scores_percent": {
    "1": 79.3036750483559,
    "3": 89.26499032882012,
    "5": 90.81237911025146,
    "10": 92.16634429400386
  }
}