{
  "num_queries_evaluated": 1034,
  "recall_scores": {
    "1": 75.91876208897486,
    "3": 90.52224371373308,
    "5": 96.0348162475822,
    "10": 98.64603481624758
  }
}