{
  "num_queries_evaluated": 1034,
  "recall_scores": {
    "1": 64.60348162475822,
    "3": 81.33462282398453,
    "5": 86.55705996131529,
    "10": 92.5531914893617
  }
}