{
  "num_queries_evaluated": 1034,
  "recall_scores": {
    "1": 70.6963249516441,
    "3": 87.4274661508704,
    "5": 91.97292069632496,
    "10": 96.61508704061895
  }
}