{
  "num_queries_evaluated": 1034,
  "recall_scores_percent": {
    "1": 58.31721470019342,
    "3": 69.0522243713733,
    "5": 71.76015473887814,
    "10": 73.5009671179884
  }
}